{
  "items": [
    {
      "name": "dsda",
      "id": "kxHGAYoeU"
    },
    {
      "name": "Nguyen tuan",
      "phone": "0394835939",
      "id": "X0zD9n8qH",
      "email": "infor@gmail.com",
      "password": "123456",
      "avatar": "uploads/50ec33f250436419ba589796125fc89c"
    },
    {
      "name": "da ha ta",
      "phone": "truyen khieu",
      "id": "jGdMYCwzU",
      "avatar": "uploads/a66931d7faabae75abeb2b12be780464"
    },
    {
      "name": "hang",
      "phone": "choi heo",
      "id": "BgmdV-50M",
      "avatar": "uploads/b949c59a4d908c613752226b70d26665"
    },
    {
      "name": "hang",
      "phone": "43423",
      "id": "ZyRAz4nWH",
      "avatar": "uploads/f3a4628cf09e1881fdb660cbe564463c"
    },
    {
      "name": "sa",
      "phone": "fgf",
      "id": "LeVyc5ipP",
      "avatar": "uploads/f54fc2e215ab5bbba1dfba30aa69d4a1"
    },
    {
      "name": "sas",
      "phone": "gung",
      "id": "SzOeV3pBJ",
      "avatar": "uploads/1c843743004e32bc19981d61a639cf20"
    },
    {
      "name": "sas",
      "phone": "gunga123",
      "id": "gcOTV0qTy",
      "avatar": "uploads/d9a49ee77560cca42794d9232fee5e8e"
    },
    {
      "name": "sas",
      "phone": "gunga123456",
      "id": "d7KtyOEIH",
      "avatar": "uploads/366f96072c650cb860cc77dacb03e14e"
    },
    {
      "name": "ds",
      "phone": "choi heo",
      "id": "f3L22LeOX",
      "avatar": "uploads/65528195b5c2f5755f4a7454ba7d90b3"
    }
  ],
  "product": [
    {
      "id": "780fd15c-f80d-44ca-99f9-b3f749d4b0df",
      "name": "Ocean Spray - Ruby Red",
      "image": "https://loremflickr.com/320/240",
      "description": "dapibus dolor vel est donec odio justo sollicitudin ut suscipit a feugiat et eros vestibulum ac est lacinia nisi venenatis",
      "gender": "Female",
      "ip_address": "38.142.71.204"
    },
    {
      "id": "6d68e774-2d96-4a32-9750-0a9238e3b4e8",
      "name": "Ham Black Forest",
      "image": "https://loremflickr.com/320/240",
      "description": "volutpat sapien arcu sed augue aliquam erat volutpat in congue etiam justo etiam pretium iaculis justo in hac habitasse platea",
      "gender": "Female",
      "ip_address": "141.220.41.242"
    },
    {
      "id": "9a0318b2-8401-49ef-b2a7-d3c72e22e86b",
      "name": "Frangelico",
      "image": "https://loremflickr.com/320/240",
      "description": "pede morbi porttitor lorem id ligula suspendisse ornare consequat lectus in est risus auctor sed tristique in tempus sit amet",
      "gender": "Female",
      "ip_address": "65.116.16.90"
    },
    {
      "id": "b77e013a-2238-4d9e-9ecd-31c3458bfb6e",
      "name": "Saskatoon Berries - Frozen",
      "image": "https://loremflickr.com/320/240",
      "description": "sapien cum sociis natoque penatibus et magnis dis parturient montes nascetur ridiculus mus etiam vel augue vestibulum rutrum rutrum neque",
      "gender": "Male",
      "ip_address": "44.212.14.51"
    },
    {
      "id": "7c9ad2af-8822-4fbb-9a21-d63506670dfd",
      "name": "Pork - Ham Hocks - Smoked",
      "image": "https://loremflickr.com/320/240",
      "description": "dolor quis odio consequat varius integer ac leo pellentesque ultrices mattis odio donec vitae nisi nam ultrices libero non mattis",
      "gender": "Female",
      "ip_address": "255.217.229.37"
    },
    {
      "id": "a03c24a0-54ac-4ea8-ac55-43447e01d49d",
      "name": "Longos - Greek Salad",
      "image": "https://loremflickr.com/320/240",
      "description": "nulla integer pede justo lacinia eget tincidunt eget tempus vel pede morbi porttitor lorem id ligula suspendisse ornare consequat lectus",
      "gender": "Female",
      "ip_address": "189.226.230.221"
    },
    {
      "id": "4617869c-cba1-4a08-9b04-92ec029f5438",
      "name": "Pineapple - Canned, Rings",
      "image": "https://loremflickr.com/320/240",
      "description": "erat fermentum justo nec condimentum neque sapien placerat ante nulla justo aliquam quis turpis eget elit sodales scelerisque mauris sit",
      "gender": "Female",
      "ip_address": "89.82.49.218"
    },
    {
      "id": "94304bc4-d800-4d59-a296-7247046c155a",
      "name": "Tomatoes - Yellow Hot House",
      "image": "https://loremflickr.com/320/240",
      "description": "ut erat id mauris vulputate elementum nullam varius nulla facilisi cras non velit nec nisi vulputate nonummy maecenas tincidunt lacus",
      "gender": "Female",
      "ip_address": "118.254.231.45"
    },
    {
      "id": "3c5ec0fc-6221-4ebf-b871-2e4234ccd567",
      "name": "Pie Shell - 9",
      "image": "https://loremflickr.com/320/240",
      "description": "elit sodales scelerisque mauris sit amet eros suspendisse accumsan tortor quis turpis sed ante vivamus tortor duis mattis egestas metus",
      "gender": "Male",
      "ip_address": "104.182.49.206"
    },
    {
      "id": "58ba5c18-f6f2-4412-9913-68bf8e649304",
      "name": "Numi - Assorted Teas",
      "image": "https://loremflickr.com/320/240",
      "description": "pede posuere nonummy integer non velit donec diam neque vestibulum eget vulputate ut ultrices vel augue vestibulum ante ipsum primis",
      "gender": "Female",
      "ip_address": "106.140.239.209"
    },
    {
      "id": "26993cfe-1064-4772-afb1-40a562961870",
      "name": "True - Vue Containers",
      "image": "https://loremflickr.com/320/240",
      "description": "nascetur ridiculus mus vivamus vestibulum sagittis sapien cum sociis natoque penatibus et magnis dis parturient montes nascetur ridiculus mus etiam",
      "gender": "Male",
      "ip_address": "196.107.234.21"
    },
    {
      "id": "df0fa043-98a2-4c95-aa69-1cefc551a1a1",
      "name": "Cheese - Fontina",
      "image": "https://loremflickr.com/320/240",
      "description": "vulputate vitae nisl aenean lectus pellentesque eget nunc donec quis orci eget orci vehicula condimentum curabitur in libero ut massa",
      "gender": "Male",
      "ip_address": "160.131.217.116"
    },
    {
      "id": "c2f4d8a0-14de-4c95-9527-a506df88da74",
      "name": "Bread - Rye",
      "image": "https://loremflickr.com/320/240",
      "description": "odio condimentum id luctus nec molestie sed justo pellentesque viverra pede ac diam cras pellentesque volutpat dui maecenas tristique est",
      "gender": "Female",
      "ip_address": "89.244.213.41"
    },
    {
      "id": "cc7a59d3-f690-4035-91ac-b8048c540e11",
      "name": "Cheese - Asiago",
      "image": "https://loremflickr.com/320/240",
      "description": "rhoncus aliquam lacus morbi quis tortor id nulla ultrices aliquet maecenas leo odio condimentum id luctus nec molestie sed justo",
      "gender": "Male",
      "ip_address": "249.172.155.71"
    },
    {
      "id": "3aac903a-c975-4cfe-8d6a-38bc22289baf",
      "name": "Butcher Twine 4r",
      "image": "https://loremflickr.com/320/240",
      "description": "tortor risus dapibus augue vel accumsan tellus nisi eu orci mauris lacinia sapien quis libero nullam sit amet turpis elementum",
      "gender": "Male",
      "ip_address": "21.139.157.182"
    },
    {
      "id": "778dbeb7-58ad-4c92-8895-661f76e1396c",
      "name": "Kellogs Raisan Bran Bars",
      "image": "https://loremflickr.com/320/240",
      "description": "lectus in est risus auctor sed tristique in tempus sit amet sem fusce consequat nulla nisl nunc nisl duis bibendum",
      "gender": "Male",
      "ip_address": "245.45.38.140"
    },
    {
      "id": "a1ea1920-f3a7-4f10-8b95-a54df954fa15",
      "name": "Appetizer - Seafood Assortment",
      "image": "https://loremflickr.com/320/240",
      "description": "elit proin risus praesent lectus vestibulum quam sapien varius ut blandit non interdum in ante vestibulum ante ipsum primis in",
      "gender": "Male",
      "ip_address": "45.63.107.122"
    },
    {
      "id": "6bccf3b3-368d-4394-856d-9d5e19eb7961",
      "name": "Wine - Rubyport",
      "image": "https://loremflickr.com/320/240",
      "description": "tellus nulla ut erat id mauris vulputate elementum nullam varius nulla facilisi cras non velit nec nisi vulputate nonummy maecenas",
      "gender": "Male",
      "ip_address": "47.218.246.106"
    },
    {
      "id": "c58c9495-91b8-4111-b1b4-f516772ec64f",
      "name": "Vinegar - White",
      "image": "https://loremflickr.com/320/240",
      "description": "montes nascetur ridiculus mus etiam vel augue vestibulum rutrum rutrum neque aenean auctor gravida sem praesent id massa id nisl",
      "gender": "Female",
      "ip_address": "173.97.129.143"
    },
    {
      "id": "8ac27512-1451-471a-8b99-d6b941acbe92",
      "name": "Bread - English Muffin",
      "image": "https://loremflickr.com/320/240",
      "description": "egestas metus aenean fermentum donec ut mauris eget massa tempor convallis nulla neque libero convallis eget eleifend luctus ultricies eu",
      "gender": "Male",
      "ip_address": "60.136.81.23"
    },
    {
      "id": "885cfe60-ad82-41ea-82cc-81461e35a245",
      "name": "Ice Cream Bar - Drumstick",
      "image": "https://loremflickr.com/320/240",
      "description": "phasellus sit amet erat nulla tempus vivamus in felis eu sapien cursus vestibulum proin eu mi nulla ac enim in",
      "gender": "Female",
      "ip_address": "30.68.43.236"
    },
    {
      "id": "0227bc97-ea9a-437e-8681-d2ef7c0168e5",
      "name": "Filo Dough",
      "image": "https://loremflickr.com/320/240",
      "description": "proin eu mi nulla ac enim in tempor turpis nec euismod scelerisque quam turpis adipiscing lorem vitae mattis nibh ligula",
      "gender": "Male",
      "ip_address": "45.49.64.111"
    },
    {
      "id": "db1e7224-ec76-4132-947e-dfa8083667d0",
      "name": "Langers - Ruby Red Grapfruit",
      "image": "https://loremflickr.com/320/240",
      "description": "erat tortor sollicitudin mi sit amet lobortis sapien sapien non mi integer ac neque duis bibendum morbi non quam nec",
      "gender": "Female",
      "ip_address": "248.51.217.90"
    },
    {
      "id": "2cbe55fc-9032-4d2d-a2ef-24bcf5522f8d",
      "name": "Soup - Knorr, Country Bean",
      "image": "https://loremflickr.com/320/240",
      "description": "laoreet ut rhoncus aliquet pulvinar sed nisl nunc rhoncus dui vel sem sed sagittis nam congue risus semper porta volutpat",
      "gender": "Male",
      "ip_address": "184.72.144.148"
    },
    {
      "id": "493fe47b-7522-4356-b311-397b844e76f3",
      "name": "Milk - Chocolate 500ml",
      "image": "https://loremflickr.com/320/240",
      "description": "aliquam sit amet diam in magna bibendum imperdiet nullam orci pede venenatis non sodales sed tincidunt eu felis fusce posuere",
      "gender": "Male",
      "ip_address": "112.5.2.199"
    },
    {
      "id": "1e818147-f2ff-4171-b6d6-f0d777de5157",
      "name": "Salt - Seasoned",
      "image": "https://loremflickr.com/320/240",
      "description": "ornare imperdiet sapien urna pretium nisl ut volutpat sapien arcu sed augue aliquam erat volutpat in congue etiam justo etiam",
      "gender": "Male",
      "ip_address": "153.214.63.4"
    },
    {
      "id": "328fa7c5-9a2b-4df2-ada4-5f53d97851c4",
      "name": "Lettuce - Belgian Endive",
      "image": "https://loremflickr.com/320/240",
      "description": "ultrices mattis odio donec vitae nisi nam ultrices libero non mattis pulvinar nulla pede ullamcorper augue a suscipit nulla elit",
      "gender": "Male",
      "ip_address": "43.167.23.214"
    },
    {
      "id": "ef1c31c9-a9bd-42c5-bdc2-c16aee002003",
      "name": "Beef - Top Butt Aaa",
      "image": "https://loremflickr.com/320/240",
      "description": "pellentesque eget nunc donec quis orci eget orci vehicula condimentum curabitur in libero ut massa volutpat convallis morbi odio odio",
      "gender": "Female",
      "ip_address": "238.30.60.29"
    },
    {
      "id": "bb7eb596-5860-4386-b5b9-30160a1838a4",
      "name": "Table Cloth 81x81 Colour",
      "image": "https://loremflickr.com/320/240",
      "description": "vestibulum quam sapien varius ut blandit non interdum in ante vestibulum ante ipsum primis in faucibus orci luctus et ultrices",
      "gender": "Male",
      "ip_address": "206.231.110.221"
    },
    {
      "id": "8faf3bdb-15db-42e4-8dda-4c383fa20800",
      "name": "Crab - Back Fin Meat, Canned",
      "image": "https://loremflickr.com/320/240",
      "description": "mattis egestas metus aenean fermentum donec ut mauris eget massa tempor convallis nulla neque libero convallis eget eleifend luctus ultricies",
      "gender": "Male",
      "ip_address": "45.223.180.192"
    },
    {
      "id": "d1ac8e24-d9dc-4e03-841f-2af43dde9e33",
      "name": "Kirsch - Schloss",
      "image": "https://loremflickr.com/320/240",
      "description": "justo in blandit ultrices enim lorem ipsum dolor sit amet consectetuer adipiscing elit proin interdum mauris non ligula pellentesque ultrices",
      "gender": "Male",
      "ip_address": "17.177.150.179"
    },
    {
      "id": "f14c2c4d-8b20-4806-b39c-dd0c001d60e9",
      "name": "Honey - Lavender",
      "image": "https://loremflickr.com/320/240",
      "description": "at nulla suspendisse potenti cras in purus eu magna vulputate luctus cum sociis natoque penatibus et magnis dis parturient montes",
      "gender": "Male",
      "ip_address": "60.63.213.146"
    },
    {
      "id": "3ab4bed3-84aa-480e-babc-1d8975f66bd7",
      "name": "Calvados - Boulard",
      "image": "https://loremflickr.com/320/240",
      "description": "at nulla suspendisse potenti cras in purus eu magna vulputate luctus cum sociis natoque penatibus et magnis dis parturient montes",
      "gender": "Male",
      "ip_address": "41.170.69.86"
    },
    {
      "id": "5f1fbb0b-61fb-4aab-821c-40f4b1a1867a",
      "name": "Piping Jelly - All Colours",
      "image": "https://loremflickr.com/320/240",
      "description": "ut nunc vestibulum ante ipsum primis in faucibus orci luctus et ultrices posuere cubilia curae mauris viverra diam vitae quam",
      "gender": "Female",
      "ip_address": "82.86.86.150"
    },
    {
      "id": "17e56a6f-acf4-4bbe-a7b9-56f674545786",
      "name": "Tomatoes",
      "image": "https://loremflickr.com/320/240",
      "description": "elementum eu interdum eu tincidunt in leo maecenas pulvinar lobortis est phasellus sit amet erat nulla tempus vivamus in felis",
      "gender": "Female",
      "ip_address": "97.69.129.74"
    },
    {
      "id": "7c313fde-2d62-4878-a91f-8bfc3eb9cc94",
      "name": "Kaffir Lime Leaves",
      "image": "https://loremflickr.com/320/240",
      "description": "massa id nisl venenatis lacinia aenean sit amet justo morbi ut odio cras mi pede malesuada in imperdiet et commodo",
      "gender": "Male",
      "ip_address": "189.235.79.192"
    },
    {
      "id": "fc6bfff3-8a14-4da3-8d66-24fbdc6e6901",
      "name": "Beer - Corona",
      "image": "https://loremflickr.com/320/240",
      "description": "interdum mauris ullamcorper purus sit amet nulla quisque arcu libero rutrum ac lobortis vel dapibus at diam nam tristique tortor",
      "gender": "Female",
      "ip_address": "6.219.136.178"
    },
    {
      "id": "41d5c278-2e73-4602-9b07-ce377e8181fe",
      "name": "Pie Filling - Pumpkin",
      "image": "https://loremflickr.com/320/240",
      "description": "vulputate nonummy maecenas tincidunt lacus at velit vivamus vel nulla eget eros elementum pellentesque quisque porta volutpat erat quisque erat",
      "gender": "Male",
      "ip_address": "16.189.54.171"
    },
    {
      "id": "5c7625ad-1616-4b20-8303-add9ba36807b",
      "name": "Latex Rubber Gloves Size 9",
      "image": "https://loremflickr.com/320/240",
      "description": "lacinia sapien quis libero nullam sit amet turpis elementum ligula vehicula consequat morbi a ipsum integer a nibh in quis",
      "gender": "Male",
      "ip_address": "2.84.152.1"
    },
    {
      "id": "71cb51c0-1bbc-4dab-8f8b-3ab2928ab882",
      "name": "Irish Cream - Butterscotch",
      "image": "https://loremflickr.com/320/240",
      "description": "blandit ultrices enim lorem ipsum dolor sit amet consectetuer adipiscing elit proin interdum mauris non ligula pellentesque ultrices phasellus id",
      "gender": "Female",
      "ip_address": "38.32.7.26"
    },
    {
      "id": "8aee9f18-a327-400f-811d-17ef20b48288",
      "name": "Vinegar - Balsamic",
      "image": "https://loremflickr.com/320/240",
      "description": "nibh quisque id justo sit amet sapien dignissim vestibulum vestibulum ante ipsum primis in faucibus orci luctus et ultrices posuere",
      "gender": "Female",
      "ip_address": "255.46.235.89"
    },
    {
      "id": "32147d55-7c9f-4ecc-b660-828380e5848b",
      "name": "Food Colouring - Blue",
      "image": "https://loremflickr.com/320/240",
      "description": "ac enim in tempor turpis nec euismod scelerisque quam turpis adipiscing lorem vitae mattis nibh ligula nec sem duis aliquam",
      "gender": "Female",
      "ip_address": "74.194.217.148"
    },
    {
      "id": "4cf56398-8c21-4ecc-9248-730dfd5d6319",
      "name": "Table Cloth 62x114 White",
      "image": "https://loremflickr.com/320/240",
      "description": "lacus morbi quis tortor id nulla ultrices aliquet maecenas leo odio condimentum id luctus nec molestie sed justo pellentesque viverra",
      "gender": "Female",
      "ip_address": "143.149.197.108"
    },
    {
      "id": "156b5779-e087-4ba1-a8c6-63cf355e73c9",
      "name": "Olives - Green, Pitted",
      "image": "https://loremflickr.com/320/240",
      "description": "sodales sed tincidunt eu felis fusce posuere felis sed lacus morbi sem mauris laoreet ut rhoncus aliquet pulvinar sed nisl",
      "gender": "Male",
      "ip_address": "238.221.189.248"
    },
    {
      "id": "84794aea-ae19-409f-9201-e6194c2b66cc",
      "name": "Passion Fruit",
      "image": "https://loremflickr.com/320/240",
      "description": "sem sed sagittis nam congue risus semper porta volutpat quam pede lobortis ligula sit amet eleifend pede libero quis orci",
      "gender": "Female",
      "ip_address": "7.130.110.155"
    },
    {
      "id": "55ff87e8-d44b-45ec-9287-6fe7c06012e1",
      "name": "Butter - Salted",
      "image": "https://loremflickr.com/320/240",
      "description": "urna pretium nisl ut volutpat sapien arcu sed augue aliquam erat volutpat in congue etiam justo etiam pretium iaculis justo",
      "gender": "Female",
      "ip_address": "235.222.227.204"
    },
    {
      "id": "bb7b5723-469a-44ac-bc22-92dcac616863",
      "name": "Poppy Seed",
      "image": "https://loremflickr.com/320/240",
      "description": "erat tortor sollicitudin mi sit amet lobortis sapien sapien non mi integer ac neque duis bibendum morbi non quam nec",
      "gender": "Male",
      "ip_address": "41.44.11.155"
    },
    {
      "id": "3fe0c6b2-0020-4e79-be0e-f92db2ab6d6f",
      "name": "Bread Base - Goodhearth",
      "image": "https://loremflickr.com/320/240",
      "description": "eros elementum pellentesque quisque porta volutpat erat quisque erat eros viverra eget congue eget semper rutrum nulla nunc purus phasellus",
      "gender": "Female",
      "ip_address": "235.70.247.196"
    },
    {
      "id": "341c520e-951f-4ebf-a7de-e0091295643c",
      "name": "Sprouts - Onion",
      "image": "https://loremflickr.com/320/240",
      "description": "in faucibus orci luctus et ultrices posuere cubilia curae nulla dapibus dolor vel est donec odio justo sollicitudin ut suscipit",
      "gender": "Male",
      "ip_address": "151.243.165.207"
    },
    {
      "id": "f183722a-5de2-493a-b710-254f92007a0f",
      "name": "Pork - Side Ribs",
      "image": "https://loremflickr.com/320/240",
      "description": "etiam justo etiam pretium iaculis justo in hac habitasse platea dictumst etiam faucibus cursus urna ut tellus nulla ut erat",
      "gender": "Female",
      "ip_address": "84.153.251.139"
    },
    {
      "id": "b3a3947e-7184-4efc-9a61-9344b9daf21a",
      "name": "Paste - Black Olive",
      "image": "https://loremflickr.com/320/240",
      "description": "aliquam quis turpis eget elit sodales scelerisque mauris sit amet eros suspendisse accumsan tortor quis turpis sed ante vivamus tortor",
      "gender": "Male",
      "ip_address": "78.243.186.245"
    },
    {
      "id": "86e4856a-165d-4e0b-8bec-2b133eb949c1",
      "name": "Yogurt - Peach, 175 Gr",
      "image": "https://loremflickr.com/320/240",
      "description": "tellus nisi eu orci mauris lacinia sapien quis libero nullam sit amet turpis elementum ligula vehicula consequat morbi a ipsum",
      "gender": "Female",
      "ip_address": "83.70.17.145"
    },
    {
      "id": "cd4502d7-f5df-4356-8ab3-61d9b0b92f72",
      "name": "Cheese - Cheddar, Old White",
      "image": "https://loremflickr.com/320/240",
      "description": "posuere nonummy integer non velit donec diam neque vestibulum eget vulputate ut ultrices vel augue vestibulum ante ipsum primis in",
      "gender": "Male",
      "ip_address": "87.119.108.229"
    },
    {
      "id": "de5bf9c8-89da-413a-978c-480a24172823",
      "name": "Chick Peas - Canned",
      "image": "https://loremflickr.com/320/240",
      "description": "sit amet lobortis sapien sapien non mi integer ac neque duis bibendum morbi non quam nec dui luctus rutrum nulla",
      "gender": "Male",
      "ip_address": "213.112.4.208"
    },
    {
      "id": "fcdad1c9-7fed-4383-af7f-4de46670ee18",
      "name": "Ham - Cooked Bayonne Tinned",
      "image": "https://loremflickr.com/320/240",
      "description": "lacinia aenean sit amet justo morbi ut odio cras mi pede malesuada in imperdiet et commodo vulputate justo in blandit",
      "gender": "Male",
      "ip_address": "137.101.236.220"
    },
    {
      "id": "53acb145-3b5a-4bc5-abde-cedcbb6274af",
      "name": "Crackers - Graham",
      "image": "https://loremflickr.com/320/240",
      "description": "malesuada in imperdiet et commodo vulputate justo in blandit ultrices enim lorem ipsum dolor sit amet consectetuer adipiscing elit proin",
      "gender": "Female",
      "ip_address": "87.154.60.132"
    },
    {
      "id": "4184178d-eb23-47be-87b8-620f153ac6bb",
      "name": "Bread - Raisin",
      "image": "https://loremflickr.com/320/240",
      "description": "convallis nunc proin at turpis a pede posuere nonummy integer non velit donec diam neque vestibulum eget vulputate ut ultrices",
      "gender": "Male",
      "ip_address": "48.225.127.94"
    },
    {
      "id": "042bb819-63bb-4865-8be3-b5bb892042db",
      "name": "Potatoes - Parissienne",
      "image": "https://loremflickr.com/320/240",
      "description": "neque aenean auctor gravida sem praesent id massa id nisl venenatis lacinia aenean sit amet justo morbi ut odio cras",
      "gender": "Male",
      "ip_address": "147.50.21.234"
    },
    {
      "id": "f036bedc-fd4d-4d9d-ab76-8aba57bcbe67",
      "name": "Venison - Ground",
      "image": "https://loremflickr.com/320/240",
      "description": "in libero ut massa volutpat convallis morbi odio odio elementum eu interdum eu tincidunt in leo maecenas pulvinar lobortis est",
      "gender": "Male",
      "ip_address": "195.89.141.120"
    },
    {
      "id": "aebb5d02-7881-491d-891d-c0a7105a1a86",
      "name": "Appetizer - Asian Shrimp Roll",
      "image": "https://loremflickr.com/320/240",
      "description": "ipsum ac tellus semper interdum mauris ullamcorper purus sit amet nulla quisque arcu libero rutrum ac lobortis vel dapibus at",
      "gender": "Male",
      "ip_address": "202.1.165.222"
    },
    {
      "id": "79197db5-f9ca-476f-aea2-ec013906ef46",
      "name": "Sage Derby",
      "image": "https://loremflickr.com/320/240",
      "description": "sollicitudin mi sit amet lobortis sapien sapien non mi integer ac neque duis bibendum morbi non quam nec dui luctus",
      "gender": "Female",
      "ip_address": "193.100.50.79"
    },
    {
      "id": "b7c0ea58-7274-41b2-ac59-04ce97c7a962",
      "name": "Cheese - Brick With Onion",
      "image": "https://loremflickr.com/320/240",
      "description": "ultrices erat tortor sollicitudin mi sit amet lobortis sapien sapien non mi integer ac neque duis bibendum morbi non quam",
      "gender": "Female",
      "ip_address": "245.129.18.166"
    },
    {
      "id": "7372acd5-1e3a-4e64-8c4a-21f87cb68f1c",
      "name": "Bread - Hot Dog Buns",
      "image": "https://loremflickr.com/320/240",
      "description": "ut blandit non interdum in ante vestibulum ante ipsum primis in faucibus orci luctus et ultrices posuere cubilia curae duis",
      "gender": "Female",
      "ip_address": "163.40.65.50"
    },
    {
      "id": "a2dbfe96-c00a-4f6c-b775-60787c68d012",
      "name": "Lamb - Rack",
      "image": "https://loremflickr.com/320/240",
      "description": "integer aliquet massa id lobortis convallis tortor risus dapibus augue vel accumsan tellus nisi eu orci mauris lacinia sapien quis",
      "gender": "Male",
      "ip_address": "157.127.8.42"
    },
    {
      "id": "b0709764-47ed-482e-a0a6-a73544a470c8",
      "name": "Soup - Campbells - Chicken Noodle",
      "image": "https://loremflickr.com/320/240",
      "description": "amet lobortis sapien sapien non mi integer ac neque duis bibendum morbi non quam nec dui luctus rutrum nulla tellus",
      "gender": "Female",
      "ip_address": "201.207.171.204"
    },
    {
      "id": "720e5f23-0db5-4f8b-aa3b-bbf289e031c8",
      "name": "Bread - White, Sliced",
      "image": "https://loremflickr.com/320/240",
      "description": "laoreet ut rhoncus aliquet pulvinar sed nisl nunc rhoncus dui vel sem sed sagittis nam congue risus semper porta volutpat",
      "gender": "Male",
      "ip_address": "108.60.62.138"
    },
    {
      "id": "bb3da6d9-37cd-4c7c-8e47-96ef0e34401c",
      "name": "Crab - Back Fin Meat, Canned",
      "image": "https://loremflickr.com/320/240",
      "description": "magna vestibulum aliquet ultrices erat tortor sollicitudin mi sit amet lobortis sapien sapien non mi integer ac neque duis bibendum",
      "gender": "Male",
      "ip_address": "89.101.19.12"
    },
    {
      "id": "a0b3e3e7-5004-4589-b0b4-2ed914fcce68",
      "name": "Red Cod Fillets - 225g",
      "image": "https://loremflickr.com/320/240",
      "description": "pede justo lacinia eget tincidunt eget tempus vel pede morbi porttitor lorem id ligula suspendisse ornare consequat lectus in est",
      "gender": "Male",
      "ip_address": "61.161.179.152"
    },
    {
      "id": "c4cf6b16-76a4-4ee0-84bc-92e06e5f15ce",
      "name": "Pork Loin Bine - In Frenched",
      "image": "https://loremflickr.com/320/240",
      "description": "praesent blandit nam nulla integer pede justo lacinia eget tincidunt eget tempus vel pede morbi porttitor lorem id ligula suspendisse",
      "gender": "Female",
      "ip_address": "115.193.92.108"
    },
    {
      "id": "ea81a1dd-b4c9-409f-ae3d-3e96c0fd8249",
      "name": "Sprouts - Baby Pea Tendrils",
      "image": "https://loremflickr.com/320/240",
      "description": "diam vitae quam suspendisse potenti nullam porttitor lacus at turpis donec posuere metus vitae ipsum aliquam non mauris morbi non",
      "gender": "Male",
      "ip_address": "47.144.121.47"
    },
    {
      "id": "db20f9a3-19e7-4d37-b473-6d93e40489fa",
      "name": "Scallops - 20/30",
      "image": "https://loremflickr.com/320/240",
      "description": "ultrices posuere cubilia curae duis faucibus accumsan odio curabitur convallis duis consequat dui nec nisi volutpat eleifend donec ut dolor",
      "gender": "Male",
      "ip_address": "149.242.203.229"
    },
    {
      "id": "fc25f7ee-021e-41e7-bb8a-88107f8097a8",
      "name": "Water - Mineral, Carbonated",
      "image": "https://loremflickr.com/320/240",
      "description": "orci luctus et ultrices posuere cubilia curae mauris viverra diam vitae quam suspendisse potenti nullam porttitor lacus at turpis donec",
      "gender": "Female",
      "ip_address": "55.89.9.83"
    },
    {
      "id": "d0dfec85-2729-4487-9da0-c4cbae8f6cfd",
      "name": "Pepper - Gypsy Pepper",
      "image": "https://loremflickr.com/320/240",
      "description": "imperdiet sapien urna pretium nisl ut volutpat sapien arcu sed augue aliquam erat volutpat in congue etiam justo etiam pretium",
      "gender": "Female",
      "ip_address": "75.74.18.81"
    },
    {
      "id": "8414e63b-4e5d-46f1-995c-b6c5ccf4bc31",
      "name": "Green Scrubbie Pad H.duty",
      "image": "https://loremflickr.com/320/240",
      "description": "penatibus et magnis dis parturient montes nascetur ridiculus mus vivamus vestibulum sagittis sapien cum sociis natoque penatibus et magnis dis",
      "gender": "Male",
      "ip_address": "211.63.218.223"
    },
    {
      "id": "255652fc-ec1c-457d-b3f0-7255ab6d45c5",
      "name": "Sausage - Andouille",
      "image": "https://loremflickr.com/320/240",
      "description": "nisi venenatis tristique fusce congue diam id ornare imperdiet sapien urna pretium nisl ut volutpat sapien arcu sed augue aliquam",
      "gender": "Female",
      "ip_address": "95.14.91.32"
    },
    {
      "id": "c236f879-004d-4ac6-968c-f1c46a8588c4",
      "name": "Cheese - Augre Des Champs",
      "image": "https://loremflickr.com/320/240",
      "description": "nulla pede ullamcorper augue a suscipit nulla elit ac nulla sed vel enim sit amet nunc viverra dapibus nulla suscipit",
      "gender": "Male",
      "ip_address": "9.224.109.27"
    },
    {
      "id": "ba59e33f-3be0-4ddb-829b-0f23320f187e",
      "name": "Chicken Breast Halal",
      "image": "https://loremflickr.com/320/240",
      "description": "velit eu est congue elementum in hac habitasse platea dictumst morbi vestibulum velit id pretium iaculis diam erat fermentum justo",
      "gender": "Female",
      "ip_address": "209.126.98.111"
    },
    {
      "id": "ab26acea-016c-4a14-8174-d4245ad17e24",
      "name": "Appetizer - Mango Chevre",
      "image": "https://loremflickr.com/320/240",
      "description": "potenti in eleifend quam a odio in hac habitasse platea dictumst maecenas ut massa quis augue luctus tincidunt nulla mollis",
      "gender": "Female",
      "ip_address": "219.1.8.107"
    },
    {
      "id": "30169558-f9f2-4be0-acd5-f775d52fadb3",
      "name": "Wine - Hardys Bankside Shiraz",
      "image": "https://loremflickr.com/320/240",
      "description": "donec ut mauris eget massa tempor convallis nulla neque libero convallis eget eleifend luctus ultricies eu nibh quisque id justo",
      "gender": "Female",
      "ip_address": "159.106.22.7"
    },
    {
      "id": "3eadb4c9-6dae-41db-85ff-086d83163430",
      "name": "Glass Clear 7 Oz Xl",
      "image": "https://loremflickr.com/320/240",
      "description": "eros viverra eget congue eget semper rutrum nulla nunc purus phasellus in felis donec semper sapien a libero nam dui",
      "gender": "Female",
      "ip_address": "16.74.228.96"
    },
    {
      "id": "ed2c2e2c-cb60-4ded-b5a1-bce3e821011a",
      "name": "Muffin - Mix - Bran And Maple 15l",
      "image": "https://loremflickr.com/320/240",
      "description": "id massa id nisl venenatis lacinia aenean sit amet justo morbi ut odio cras mi pede malesuada in imperdiet et",
      "gender": "Male",
      "ip_address": "203.29.155.63"
    },
    {
      "id": "1a1a31e4-0fe3-4b39-b96f-7d071d81a40b",
      "name": "Container - Hngd Cll Blk 7x7x3",
      "image": "https://loremflickr.com/320/240",
      "description": "vel nisl duis ac nibh fusce lacus purus aliquet at feugiat non pretium quis lectus suspendisse potenti in eleifend quam",
      "gender": "Female",
      "ip_address": "15.24.156.166"
    },
    {
      "id": "ed460818-53fe-42c0-9fc9-f8b77e7c7ba6",
      "name": "Pasta - Fettuccine, Egg, Fresh",
      "image": "https://loremflickr.com/320/240",
      "description": "massa id lobortis convallis tortor risus dapibus augue vel accumsan tellus nisi eu orci mauris lacinia sapien quis libero nullam",
      "gender": "Female",
      "ip_address": "80.208.104.215"
    },
    {
      "id": "d958d2da-3cca-4970-8085-9e3b87a3a5b8",
      "name": "Kohlrabi",
      "image": "https://loremflickr.com/320/240",
      "description": "tincidunt in leo maecenas pulvinar lobortis est phasellus sit amet erat nulla tempus vivamus in felis eu sapien cursus vestibulum",
      "gender": "Female",
      "ip_address": "1.125.180.94"
    },
    {
      "id": "12326b93-b0ea-4264-ae06-4a1b45b194ef",
      "name": "Broom And Broom Rack White",
      "image": "https://loremflickr.com/320/240",
      "description": "vitae ipsum aliquam non mauris morbi non lectus aliquam sit amet diam in magna bibendum imperdiet nullam orci pede venenatis",
      "gender": "Male",
      "ip_address": "22.222.3.152"
    },
    {
      "id": "fffcbe2f-c9c2-4179-94f5-402c92f4dd4b",
      "name": "Flower - Commercial Bronze",
      "image": "https://loremflickr.com/320/240",
      "description": "sit amet consectetuer adipiscing elit proin interdum mauris non ligula pellentesque ultrices phasellus id sapien in sapien iaculis congue vivamus",
      "gender": "Female",
      "ip_address": "236.195.189.93"
    },
    {
      "id": "1a2b3a4b-8306-4dbc-a756-66d9e70c14ed",
      "name": "Tortillas - Flour, 10",
      "image": "https://loremflickr.com/320/240",
      "description": "posuere felis sed lacus morbi sem mauris laoreet ut rhoncus aliquet pulvinar sed nisl nunc rhoncus dui vel sem sed",
      "gender": "Female",
      "ip_address": "18.195.82.94"
    },
    {
      "id": "90d8d997-2d50-4b63-8d26-ec718d236bb6",
      "name": "Beans - French",
      "image": "https://loremflickr.com/320/240",
      "description": "aliquam lacus morbi quis tortor id nulla ultrices aliquet maecenas leo odio condimentum id luctus nec molestie sed justo pellentesque",
      "gender": "Female",
      "ip_address": "100.34.44.140"
    },
    {
      "id": "79005d91-6916-457b-be60-940bf8d8b834",
      "name": "Cheese - Stilton",
      "image": "https://loremflickr.com/320/240",
      "description": "tristique fusce congue diam id ornare imperdiet sapien urna pretium nisl ut volutpat sapien arcu sed augue aliquam erat volutpat",
      "gender": "Male",
      "ip_address": "180.203.224.125"
    },
    {
      "id": "b0e76ac3-70fa-4c92-93a7-ce1d26ca7e9b",
      "name": "Tart Shells - Sweet, 4",
      "image": "https://loremflickr.com/320/240",
      "description": "ut rhoncus aliquet pulvinar sed nisl nunc rhoncus dui vel sem sed sagittis nam congue risus semper porta volutpat quam",
      "gender": "Female",
      "ip_address": "177.207.70.190"
    },
    {
      "id": "d344b479-f80b-424e-949a-9bf176be577e",
      "name": "Arctic Char - Fresh, Whole",
      "image": "https://loremflickr.com/320/240",
      "description": "aliquam convallis nunc proin at turpis a pede posuere nonummy integer non velit donec diam neque vestibulum eget vulputate ut",
      "gender": "Female",
      "ip_address": "223.209.139.61"
    },
    {
      "id": "b23f5ff3-d81a-4b85-881e-93ad696caee3",
      "name": "Rabbit - Legs",
      "image": "https://loremflickr.com/320/240",
      "description": "eu interdum eu tincidunt in leo maecenas pulvinar lobortis est phasellus sit amet erat nulla tempus vivamus in felis eu",
      "gender": "Male",
      "ip_address": "158.113.94.121"
    },
    {
      "id": "1b377bbc-28f9-4761-984c-0b552e388ad1",
      "name": "Sage Derby",
      "image": "https://loremflickr.com/320/240",
      "description": "ante ipsum primis in faucibus orci luctus et ultrices posuere cubilia curae nulla dapibus dolor vel est donec odio justo",
      "gender": "Female",
      "ip_address": "155.84.128.40"
    },
    {
      "id": "2f000074-cd2f-4c16-8e38-9230bcdceef2",
      "name": "Cleaner - Pine Sol",
      "image": "https://loremflickr.com/320/240",
      "description": "in sagittis dui vel nisl duis ac nibh fusce lacus purus aliquet at feugiat non pretium quis lectus suspendisse potenti",
      "gender": "Male",
      "ip_address": "25.220.62.235"
    },
    {
      "id": "2b285523-ea72-4b4e-8c44-6a8470f3fe54",
      "name": "Southern Comfort",
      "image": "https://loremflickr.com/320/240",
      "description": "vitae nisl aenean lectus pellentesque eget nunc donec quis orci eget orci vehicula condimentum curabitur in libero ut massa volutpat",
      "gender": "Male",
      "ip_address": "133.29.82.233"
    },
    {
      "id": "58eb16da-1541-4197-ba92-752148c28eb4",
      "name": "Cheese - Boursin, Garlic / Herbs",
      "image": "https://loremflickr.com/320/240",
      "description": "posuere felis sed lacus morbi sem mauris laoreet ut rhoncus aliquet pulvinar sed nisl nunc rhoncus dui vel sem sed",
      "gender": "Female",
      "ip_address": "72.2.25.30"
    },
    {
      "id": "121ecc96-15b3-4478-95e5-621e03ac70d0",
      "name": "Soup - French Onion, Dry",
      "image": "https://loremflickr.com/320/240",
      "description": "nibh fusce lacus purus aliquet at feugiat non pretium quis lectus suspendisse potenti in eleifend quam a odio in hac",
      "gender": "Male",
      "ip_address": "42.103.187.91"
    },
    {
      "id": "3bcc1679-2941-40a7-adc9-dc943026aa4a",
      "name": "Muffin Mix - Oatmeal",
      "image": "https://loremflickr.com/320/240",
      "description": "suscipit a feugiat et eros vestibulum ac est lacinia nisi venenatis tristique fusce congue diam id ornare imperdiet sapien urna",
      "gender": "Male",
      "ip_address": "164.138.54.89"
    },
    {
      "id": "88f1ea86-4771-4c03-b971-e3e511873266",
      "name": "Loaf Pan - 2 Lb, Foil",
      "image": "https://loremflickr.com/320/240",
      "description": "sem fusce consequat nulla nisl nunc nisl duis bibendum felis sed interdum venenatis turpis enim blandit mi in porttitor pede",
      "gender": "Male",
      "ip_address": "98.188.138.242"
    },
    {
      "id": "805e6fbc-6a0a-4f3d-82ca-fb89ba0d7698",
      "name": "Beef - Ground Medium",
      "image": "https://loremflickr.com/320/240",
      "description": "consequat lectus in est risus auctor sed tristique in tempus sit amet sem fusce consequat nulla nisl nunc nisl duis",
      "gender": "Male",
      "ip_address": "42.216.14.254"
    }
  ]
}